-- phpMyAdmin SQL Dump
-- version 5.2.1
-- https://www.phpmyadmin.net/
--
-- Хост: 127.0.0.1
-- Время создания: Окт 31 2025 г., 00:03
-- Версия сервера: 10.4.32-MariaDB
-- Версия PHP: 8.2.12

SET SQL_MODE = "NO_AUTO_VALUE_ON_ZERO";
START TRANSACTION;
SET time_zone = "+00:00";


/*!40101 SET @OLD_CHARACTER_SET_CLIENT=@@CHARACTER_SET_CLIENT */;
/*!40101 SET @OLD_CHARACTER_SET_RESULTS=@@CHARACTER_SET_RESULTS */;
/*!40101 SET @OLD_COLLATION_CONNECTION=@@COLLATION_CONNECTION */;
/*!40101 SET NAMES utf8mb4 */;

--
-- База данных: `portal1`
--

-- --------------------------------------------------------

--
-- Структура таблицы `answers`
--

CREATE TABLE `answers` (
  `id` int(255) NOT NULL,
  `userId` int(50) NOT NULL,
  `quetionId` int(50) NOT NULL,
  `correct` int(10) NOT NULL,
  `lectureId` int(255) NOT NULL
) ENGINE=InnoDB DEFAULT CHARSET=utf8 COLLATE=utf8_unicode_ci;

-- --------------------------------------------------------

--
-- Структура таблицы `lecture`
--

CREATE TABLE `lecture` (
  `id` int(20) NOT NULL,
  `nameLecture` text NOT NULL,
  `lectureContent` text NOT NULL,
  `forGroup` text NOT NULL,
  `adminId` int(30) NOT NULL
) ENGINE=InnoDB DEFAULT CHARSET=utf8 COLLATE=utf8_unicode_ci;

--
-- Дамп данных таблицы `lecture`
--

INSERT INTO `lecture` (`id`, `nameLecture`, `lectureContent`, `forGroup`, `adminId`) VALUES
(32, 'Для ТСТП-23 1 лекция', 'Лекция 1. Сущность и предмет политологии\r\nСодержание\r\n\r\nПолитология — это наука о политике, политической власти, политических системах и процессах.\r\nОсновная цель политологии — изучение закономерностей функционирования власти и взаимоотношений между государством и обществом.\r\nКлючевые категории: власть, государство, политика, легитимность, политическая культура.\r\nПолитология связана с философией, социологией, правом, экономикой.\r\nМетоды исследования: сравнительный, системный, институциональный, социологический, исторический.\r\nРоль политологии — формирование политического сознания, прогнозирование развития политических процессов.', 'ТСТП-23', 1),
(33, 'Для ТСТП-23 2 лекция', 'Лекция 2. Государство и его функции\r\nСодержание\r\n\r\nГосударство — центральный институт политической системы, обладающий верховной властью на определённой территории.\r\nПризнаки государства: суверенитет, территория, население, аппарат управления и принуждения, налоги.\r\nФормы государства: форма правления (монархия, республика), форма государственного устройства (унитарное, федеративное, конфедерация), политический режим (демократический, авторитарный, тоталитарный).\r\nФункции государства: внутренние (экономическая, социальная, правовая, культурная) и внешние (оборона, дипломатия, международное сотрудничество).', 'ТСТП-23', 1);

-- --------------------------------------------------------

--
-- Структура таблицы `options`
--

CREATE TABLE `options` (
  `id` int(30) NOT NULL,
  `optionContent` text NOT NULL,
  `quetionId` int(30) NOT NULL,
  `correctness` int(10) NOT NULL
) ENGINE=InnoDB DEFAULT CHARSET=utf8 COLLATE=utf8_unicode_ci;

--
-- Дамп данных таблицы `options`
--

INSERT INTO `options` (`id`, `optionContent`, `quetionId`, `correctness`) VALUES
(132, 'a) Экономические отношения', 45, 0),
(133, 'b) Власть и политические процессы', 45, 1),
(134, 'c) Культурное наследие', 45, 0),
(135, 'd) Экологические проблемы', 45, 0),
(136, 'a) Эстетическую', 46, 0),
(137, 'b) Прогностическую', 46, 1),
(138, 'c) Музыкальную', 46, 0),
(139, 'd) Художественную', 46, 0),
(140, 'a) Насилие', 47, 0),
(141, 'b) Признание власти населением', 47, 1),
(142, 'c) Принуждение', 47, 0),
(143, 'd) Революцию', 47, 0),
(144, 'a) Сравнительный', 48, 0),
(145, 'b) Институциональный', 48, 0),
(146, 'c) Художественный', 48, 1),
(147, 'd) Системный', 48, 0),
(148, 'a) Производственные отношения', 49, 0),
(149, 'b) Власть и управление', 49, 1),
(150, 'c) Законы природы', 49, 0),
(151, 'd) Языковые системы', 49, 0),
(152, 'a) Геометрией', 50, 0),
(153, 'b) Философией', 50, 1),
(154, 'c) Астрономией', 50, 0),
(155, 'd) Химией', 50, 0),
(156, 'a) Молекула', 51, 0),
(157, 'b) Власть', 51, 1),
(158, 'c) Звезда', 51, 0),
(159, 'd) Энергия', 51, 0),
(160, 'a) Уровень дохода населения', 52, 0),
(161, 'b) Политические знания и ценности граждан', 52, 1),
(162, 'c) Географические особенности', 52, 0),
(163, 'd) Природные ресурсы', 52, 0),
(164, 'a) Обогащение населения', 53, 0),
(165, 'b) Изучение закономерностей власти', 53, 1),
(166, 'c) Пропаганда', 53, 0),
(167, 'd) Развлечение', 53, 0),
(168, 'a) К сфере искусства', 54, 0),
(169, 'b) К деятельности по управлению обществом', 54, 1),
(170, 'c) К спорту', 54, 0),
(171, 'd) К науке о природе', 54, 0),
(176, 'a) Наличие армии', 56, 0),
(177, 'b) Суверенитет', 56, 1),
(178, 'c) Партии', 56, 0),
(179, 'd) Полиция', 56, 0),
(180, 'a) Правовая', 57, 0),
(181, 'b) Культурная', 57, 0),
(182, 'c) Игровая', 57, 1),
(183, 'd) Экономическая', 57, 0),
(184, 'a) Республика', 58, 0),
(185, 'b) Монархия', 58, 1),
(186, 'c) Федерация', 58, 0),
(187, 'd) Конфедерация', 58, 0),
(188, 'a) Социальная политика', 59, 0),
(189, 'b) Оборона страны', 59, 1),
(190, 'c) Культурная деятельность', 59, 0),
(191, 'd) Экономическая стабильность', 59, 0),
(192, 'a) Система законов', 60, 0),
(193, 'b) Способ осуществления власти', 60, 1),
(194, 'c) Форма собственности', 60, 0),
(195, 'd) Вид экономики', 60, 0),
(196, 'a) Нет регионов', 61, 0),
(197, 'b) Есть автономные субъекты', 61, 1),
(198, 'c) Власть у монарха', 61, 0),
(199, 'd) Центр управляет без разделения', 61, 0),
(200, 'a) Разделением власти между субъектами', 62, 0),
(201, 'b) Единой системой власти', 62, 1),
(202, 'c) Наличием независимых регионов', 62, 0),
(203, 'd) Союзом государств', 62, 0),
(204, 'a) Ведение войны', 63, 0),
(205, 'b) Образование и социальную защиту', 63, 1),
(206, 'c) Внешнюю политику', 63, 0),
(207, 'd) Международное сотрудничество', 63, 0),
(208, 'a) Власть передаётся по наследству', 64, 0),
(209, 'b) Власть избирается', 64, 1),
(210, 'c) Власть принадлежит монарху', 64, 0),
(211, 'd) Нет выборов', 64, 0),
(212, 'a) Географическое положение', 65, 0),
(213, 'b) Территория', 65, 1),
(214, 'c) Климат', 65, 0),
(215, 'd) Язык', 65, 0);

-- --------------------------------------------------------

--
-- Структура таблицы `quetions`
--

CREATE TABLE `quetions` (
  `id` int(30) NOT NULL,
  `quetionContent` text NOT NULL,
  `lectureId` int(20) NOT NULL
) ENGINE=InnoDB DEFAULT CHARSET=utf8 COLLATE=utf8_unicode_ci;

--
-- Дамп данных таблицы `quetions`
--

INSERT INTO `quetions` (`id`, `quetionContent`, `lectureId`) VALUES
(45, 'Что является предметом политологии?', 32),
(46, 'Какую функцию выполняет политология?', 32),
(47, 'Что означает термин «легитимность»?', 32),
(48, 'Какой метод не относится к политологическим?', 32),
(49, 'Политология изучает:', 32),
(50, 'Политология связана с:', 32),
(51, 'Что является ключевой категорией политологии?', 32),
(52, 'Политическая культура отражает:', 32),
(53, 'Основная цель политологии — это:', 32),
(54, 'К чему относится термин «политика»?', 32),
(56, 'Что является главным признаком государства?', 33),
(57, 'Что не относится к функциям государства?', 33),
(58, 'Форма правления, при которой власть принадлежит одному лицу, — это:', 33),
(59, 'К внешним функциям государства относится:', 33),
(60, 'Что такое политический режим?', 33),
(61, 'При федеративном устройстве:', 33),
(62, 'Унитарное государство характеризуется:', 33),
(63, 'Внутренние функции государства включают:', 33),
(64, 'Республика — это форма правления, где:', 33),
(65, 'Признаком государства является:', 33);

-- --------------------------------------------------------

--
-- Структура таблицы `total`
--

CREATE TABLE `total` (
  `id` int(30) NOT NULL,
  `userId` int(30) NOT NULL,
  `mark` int(10) NOT NULL,
  `datatime` datetime NOT NULL,
  `lectureId` int(30) NOT NULL
) ENGINE=InnoDB DEFAULT CHARSET=utf8 COLLATE=utf8_unicode_ci;

-- --------------------------------------------------------

--
-- Структура таблицы `users`
--

CREATE TABLE `users` (
  `id` int(255) NOT NULL,
  `name` text NOT NULL,
  `status` text NOT NULL,
  `surname` text NOT NULL,
  `password` text NOT NULL,
  `group_name` text NOT NULL,
  `createrAdmin` int(30) NOT NULL
) ENGINE=InnoDB DEFAULT CHARSET=utf8 COLLATE=utf8_unicode_ci;

--
-- Дамп данных таблицы `users`
--

INSERT INTO `users` (`id`, `name`, `status`, `surname`, `password`, `group_name`, `createrAdmin`) VALUES
(1, 'Айгерим', 'admin', 'Тулепова', '123', '', 0),
(2, 'Никита', 'user', 'Диль', '123', 'ТСТП-23', 1),
(8, 'Арыстан', 'user', 'Халитов', '123', 'ТСТП-23', 1),
(11, 'Раиль', 'user', 'Курмаев', '123', 'ТСТП-23', 1),
(12, 'Кемал', 'user', 'Балтабай', '123', 'ТСТП-23', 1),
(13, 'Максим', 'user', 'Голубев', '123', 'ТСТП-23', 1),
(14, 'Максим', 'user', 'Ляйпольд', '123', 'ТСТП-23', 1),
(15, 'Максим', 'user', 'Дель', '123', 'ТСТП-23', 1),
(17, 'Алина', 'user', 'Бровкина', '123', 'ТСТП-23', 1),
(18, 'Кирилл', 'user', 'Семилетов', '123', 'ТСТП-23', 1),
(19, 'Амир', 'user', 'Исан', '123', 'ТСТП-23', 1),
(20, 'Людмила', 'user', 'Дашкова', '123', 'ТСТП-23', 1);

-- --------------------------------------------------------

--
-- Структура таблицы `users_group`
--

CREATE TABLE `users_group` (
  `id` int(30) NOT NULL,
  `name` text NOT NULL,
  `adminId` int(30) NOT NULL
) ENGINE=InnoDB DEFAULT CHARSET=utf8 COLLATE=utf8_unicode_ci;

--
-- Дамп данных таблицы `users_group`
--

INSERT INTO `users_group` (`id`, `name`, `adminId`) VALUES
(1, 'ТСТП-23', 1);

--
-- Индексы сохранённых таблиц
--

--
-- Индексы таблицы `answers`
--
ALTER TABLE `answers`
  ADD PRIMARY KEY (`id`);

--
-- Индексы таблицы `lecture`
--
ALTER TABLE `lecture`
  ADD PRIMARY KEY (`id`);

--
-- Индексы таблицы `options`
--
ALTER TABLE `options`
  ADD PRIMARY KEY (`id`);

--
-- Индексы таблицы `quetions`
--
ALTER TABLE `quetions`
  ADD PRIMARY KEY (`id`);

--
-- Индексы таблицы `total`
--
ALTER TABLE `total`
  ADD PRIMARY KEY (`id`);

--
-- Индексы таблицы `users`
--
ALTER TABLE `users`
  ADD PRIMARY KEY (`id`);

--
-- Индексы таблицы `users_group`
--
ALTER TABLE `users_group`
  ADD PRIMARY KEY (`id`);

--
-- AUTO_INCREMENT для сохранённых таблиц
--

--
-- AUTO_INCREMENT для таблицы `answers`
--
ALTER TABLE `answers`
  MODIFY `id` int(255) NOT NULL AUTO_INCREMENT, AUTO_INCREMENT=28;

--
-- AUTO_INCREMENT для таблицы `lecture`
--
ALTER TABLE `lecture`
  MODIFY `id` int(20) NOT NULL AUTO_INCREMENT, AUTO_INCREMENT=35;

--
-- AUTO_INCREMENT для таблицы `options`
--
ALTER TABLE `options`
  MODIFY `id` int(30) NOT NULL AUTO_INCREMENT, AUTO_INCREMENT=216;

--
-- AUTO_INCREMENT для таблицы `quetions`
--
ALTER TABLE `quetions`
  MODIFY `id` int(30) NOT NULL AUTO_INCREMENT, AUTO_INCREMENT=66;

--
-- AUTO_INCREMENT для таблицы `total`
--
ALTER TABLE `total`
  MODIFY `id` int(30) NOT NULL AUTO_INCREMENT, AUTO_INCREMENT=12;

--
-- AUTO_INCREMENT для таблицы `users`
--
ALTER TABLE `users`
  MODIFY `id` int(255) NOT NULL AUTO_INCREMENT, AUTO_INCREMENT=24;

--
-- AUTO_INCREMENT для таблицы `users_group`
--
ALTER TABLE `users_group`
  MODIFY `id` int(30) NOT NULL AUTO_INCREMENT, AUTO_INCREMENT=5;
COMMIT;

/*!40101 SET CHARACTER_SET_CLIENT=@OLD_CHARACTER_SET_CLIENT */;
/*!40101 SET CHARACTER_SET_RESULTS=@OLD_CHARACTER_SET_RESULTS */;
/*!40101 SET COLLATION_CONNECTION=@OLD_COLLATION_CONNECTION */;
